Destroyed Navy Blue Male Jeans,60.09,2018-08-07T05:28:14,BOGO,218.116.51.57
Destroyed Flame Red Female Jeans,84.05,2018-08-07T19:29:41,New Arrivals,41.241.64.1
Destroyed Flame Red Female Jeans,84.05,2018-08-07T19:29:41,New Arrivals,41.241.64.1
Destroyed Flame Red Female Jeans,84.05,2018-08-07T19:29:41,New Arrivals,41.241.64.1
Classic Flame Red Male Hoodie,83.14,2018-08-03T22:49:11,New Arrivals,80.166.233.134
Classic Navy Blue Female Jeans,50.03,2018-08-05T12:44:32,Sale,204.150.8.91
Classic Flame Red Male Shorts,113.05,2018-08-06T19:30:53,New Arrivals,158.205.128.139
Classic Flame Red Unisex T Shirt,13.56,2018-08-07T15:10:13,BOGO,75.195.120.164
Classic Midnight Black Male Shorts,55.06,2018-08-04T09:49:31,Sale,126.62.51.201
Destroyed Navy Blue Unisex Jeans,107.49,2018-08-06T21:20:05,Sale,161.64.195.247
Classic Flame Red Male Hoodie,22.82,2018-08-06T08:08:14,Sale,249.179.38.187
Striped Midnight Black Unisex Jeans,43.8,2018-08-06T14:14:07,BOGO,247.199.169.120
Striped Midnight Black Unisex Jeans,43.8,2018-08-06T14:14:07,BOGO,247.199.169.120